id,first_name,last_name,email,address,city,state,phone,zip_code
1,Brian,Peters,bpeters0@bravesites.com,823,Minneapolis,MN,1-(612)754-9094,55480
2,Mildred,Nelson,mnelson1@army.mil,065,Seattle,WA,1-(206)919-4611,98195
3,James,Barnes,jbarnes2@mac.com,47372,Santa Clara,CA,1-(831)829-3650,95054
4,Steven,Gardner,sgardner3@spotify.com,310,Dallas,TX,1-(214)628-4024,75246
5,Patricia,Phillips,pphillips4@networksolutions.com,5123,York,PA,1-(717)118-7669,17405
6,Lori,Greene,lgreene5@lulu.com,24,Austin,TX,1-(512)763-9688,78764
7,Stephanie,Allen,sallen6@google.com.hk,84,Sacramento,CA,1-(916)625-6441,94250
8,Cynthia,Carter,ccarter7@pbs.org,42549,Lafayette,LA,1-(337)162-6288,70593
9,Phillip,Webb,pwebb8@wikipedia.org,8873,Long Beach,CA,1-(310)485-0561,90810
10,Brian,Jackson,bjackson9@studiopress.com,44,Philadelphia,PA,1-(215)747-4712,19191
11,Russell,Lee,rleea@icio.us,966,Alexandria,VA,1-(571)768-2381,22333
12,Deborah,Bishop,dbishopb@army.mil,21,Saint Louis,MO,1-(314)321-8407,63169
13,Steve,Webb,swebbc@nps.gov,2,Little Rock,AR,1-(501)595-8635,72209
14,Steven,Carroll,scarrolld@omniture.com,923,Irvine,CA,1-(714)891-8124,92710
15,Anthony,Sims,asimse@posterous.com,80,Meridian,MS,1-(601)522-8692,39305
16,Teresa,Welch,twelchf@skyrock.com,440,Amarillo,TX,1-(806)185-0372,79165
17,Todd,Montgomery,tmontgomeryg@linkedin.com,387,Bryan,TX,1-(979)504-2051,77806
18,Carl,Holmes,cholmesh@wordpress.com,32758,Dallas,TX,1-(214)502-7895,75367
19,Victor,Fowler,vfowleri@narod.ru,37,Charlotte,NC,1-(704)452-0657,28230
20,James,Cruz,jcruzj@example.com,9,Birmingham,AL,1-(205)630-9051,35279
21,Lois,Bryant,lbryantk@apache.org,713,Savannah,GA,1-(912)322-9943,31416
22,Jane,Adams,jadamsl@hostgator.com,320,Denver,CO,1-(303)184-1033,80255
23,Daniel,Carter,dcarterm@forbes.com,815,Pittsburgh,PA,1-(412)502-0506,15279
24,Nancy,Hill,nhilln@freewebs.com,5,Topeka,KS,1-(785)171-0183,66642
25,Jesse,Howard,jhowardo@amazon.co.uk,2081,Fort Myers,FL,1-(239)111-0494,33913
26,Walter,Ellis,wellisp@ezinearticles.com,7666,Winston Salem,NC,1-(336)762-5747,27105
27,Phillip,Riley,prileyq@spiegel.de,9349,Chattanooga,TN,1-(423)494-0306,37450
28,Kathleen,Reid,kreidr@t.co,10751,Chula Vista,CA,1-(619)861-7461,91913
29,Steven,Chavez,schavezs@wisc.edu,23,Jersey City,NJ,1-(551)863-1835,07310
30,Patrick,Hart,phartt@java.com,444,Saint Paul,MN,1-(651)491-8210,55166
31,Jacqueline,Howell,jhowellu@mysql.com,9934,Saint Petersburg,FL,1-(727)708-8215,33710
32,Sharon,Garcia,sgarciav@prlog.org,2,Mount Vernon,NY,1-(914)885-1032,10557
33,Linda,Taylor,ltaylorw@zdnet.com,3494,Troy,MI,1-(248)388-8657,48098
34,Phillip,Medina,pmedinax@nydailynews.com,8415,Seminole,FL,1-(941)562-9435,34642
35,Larry,Morrison,lmorrisony@unc.edu,20,Des Moines,IA,1-(515)542-0239,50936
36,Teresa,Austin,taustinz@examiner.com,19115,Huntsville,AL,1-(256)110-4151,35815
37,Lillian,Brooks,lbrooks10@statcounter.com,5242,Fresno,CA,1-(559)777-1110,93721
38,Douglas,Wallace,dwallace11@va.gov,1,Buffalo,NY,1-(716)382-5589,14215
39,Bobby,Carr,bcarr12@mlb.com,6,Memphis,TN,1-(901)210-0470,38109
40,David,Stanley,dstanley13@dyndns.org,25932,Boston,MA,1-(617)536-6915,02298
41,Anthony,Wheeler,awheeler14@de.vu,25114,Tulsa,OK,1-(918)493-3936,74149
42,Ronald,Perez,rperez15@buzzfeed.com,9506,Roanoke,VA,1-(540)632-6069,24020
43,Mark,Mason,mmason16@google.co.uk,4056,New Orleans,LA,1-(504)975-7730,70165
44,Christina,Harper,charper17@fda.gov,250,Philadelphia,PA,1-(215)197-2249,19196
45,Edward,Cox,ecox18@nsw.gov.au,4,Long Beach,CA,1-(562)574-6517,90831
46,Marie,Kelley,mkelley19@instagram.com,4,Melbourne,FL,1-(321)478-6710,32919
47,Roy,Burton,rburton1a@squidoo.com,16065,Baton Rouge,LA,1-(225)896-2536,70810
48,Sarah,Fernandez,sfernandez1b@chronoengine.com,1,Vancouver,WA,1-(360)185-4688,98687
49,Ryan,Davis,rdavis1c@oaic.gov.au,51668,Roanoke,VA,1-(540)578-5804,24029
50,Michael,Mason,mmason1d@webnode.com,866,San Jose,CA,1-(408)270-8428,95160
51,Jacqueline,Price,jprice1e@gizmodo.com,508,Newton,MA,1-(508)753-5025,02162
52,Lisa,Powell,lpowell1f@marketwatch.com,1324,New York City,NY,1-(212)904-5426,10090
53,Maria,Rivera,mrivera1g@themeforest.net,553,Springfield,IL,1-(217)857-0391,62764
54,Timothy,Price,tprice1h@ucla.edu,29,Arvada,CO,1-(303)549-1067,80005
55,Julia,Cunningham,jcunningham1i@feedburner.com,39976,Austin,TX,1-(512)937-7908,78726
56,Anne,Cook,acook1j@sourceforge.net,4189,Houston,TX,1-(713)184-6331,77245
57,Johnny,Andrews,jandrews1k@ebay.com,400,Jersey City,NJ,1-(201)355-0505,07305
58,Betty,Medina,bmedina1l@flavors.me,54239,Washington,DC,1-(202)691-4764,20073
59,Joshua,Gardner,jgardner1m@mapy.cz,8563,Memphis,TN,1-(901)446-8838,38181
60,Kathy,Robinson,krobinson1n@odnoklassniki.ru,4950,Washington,DC,1-(202)111-2420,20231
61,Shawn,Anderson,sanderson1o@virginia.edu,09,Portland,OR,1-(503)850-8636,97221
62,Lillian,Adams,ladams1p@meetup.com,7038,Richmond,VA,1-(804)227-7964,23289
63,Julie,Russell,jrussell1q@aboutads.info,62837,Houston,TX,1-(281)633-9147,77025
64,Fred,Willis,fwillis1r@netscape.com,8,Norcross,GA,1-(404)374-2200,30092
65,Marie,Sullivan,msullivan1s@ucoz.com,572,Grand Rapids,MI,1-(616)966-2994,49510
66,Deborah,Johnston,djohnston1t@imdb.com,31585,Pueblo,CO,1-(719)709-4884,81015
67,Michael,Martinez,mmartinez1u@tripadvisor.com,49880,Newton,MA,1-(508)452-5750,02162
68,Billy,Stevens,bstevens1v@i2i.jp,5,Jacksonville,FL,1-(904)594-0663,32215
69,Jeffrey,Vasquez,jvasquez1w@shop-pro.jp,61,Oakland,CA,1-(510)273-9984,94622
70,Jose,Diaz,jdiaz1x@comsenz.com,3505,Macon,GA,1-(478)838-2392,31205
71,Craig,Morrison,cmorrison1y@is.gd,725,Philadelphia,PA,1-(215)582-0057,19125
72,Betty,Lewis,blewis1z@i2i.jp,560,Syracuse,NY,1-(315)649-0124,13251
73,John,Hanson,jhanson20@purevolume.com,749,Largo,FL,1-(727)880-1627,33777
74,Nancy,Ramos,nramos21@boston.com,6,Portland,OR,1-(971)970-6690,97271
75,Dorothy,James,djames22@behance.net,27,Winston Salem,NC,1-(704)941-3100,27105
76,Andrea,Myers,amyers23@ucsd.edu,88651,Carlsbad,CA,1-(760)526-7838,92013
77,Victor,Spencer,vspencer24@virginia.edu,9,El Paso,TX,1-(915)760-6397,88553
78,Bruce,Shaw,bshaw25@hexun.com,24,Honolulu,HI,1-(808)592-5880,96840
79,Randy,Price,rprice26@flickr.com,6,San Antonio,TX,1-(210)679-6209,78215
80,Evelyn,Butler,ebutler27@addthis.com,51058,Charlottesville,VA,1-(434)407-6815,22908
81,Roy,Montgomery,rmontgomery28@purevolume.com,6752,Saint Paul,MN,1-(651)444-9800,55166
82,Samuel,Moreno,smoreno29@issuu.com,3,Salt Lake City,UT,1-(801)297-0230,84110
83,Phillip,Little,plittle2a@dailymotion.com,427,Charleston,WV,1-(304)131-9636,25313
84,Martha,Marshall,mmarshall2b@weibo.com,98,Fort Myers,FL,1-(239)517-3348,33906
85,Gregory,Welch,gwelch2c@newyorker.com,093,Albuquerque,NM,1-(505)881-3902,87140
86,Maria,Jacobs,mjacobs2d@answers.com,927,Saint Paul,MN,1-(651)968-8120,55188
87,Doris,Mcdonald,dmcdonald2e@qq.com,0,Lexington,KY,1-(859)581-0659,40515
88,Ernest,Romero,eromero2f@yale.edu,438,Tulsa,OK,1-(918)148-5099,74126
89,Margaret,Gutierrez,mgutierrez2g@apache.org,6,York,PA,1-(717)527-7724,17405
90,Ronald,Ellis,rellis2h@photobucket.com,6,Richmond,VA,1-(757)599-4418,23225
91,Ronald,Hawkins,rhawkins2i@indiatimes.com,412,San Jose,CA,1-(408)767-3108,95118
92,Karen,Brown,kbrown2j@intel.com,9,Brooklyn,NY,1-(212)262-1168,11247
93,Pamela,Frazier,pfrazier2k@studiopress.com,4,Trenton,NJ,1-(609)481-0379,08695
94,Ernest,Russell,erussell2l@huffingtonpost.com,0,Fargo,ND,1-(701)727-1883,58122
95,Marilyn,Howard,mhoward2m@csmonitor.com,91,Atlanta,GA,1-(404)471-3312,30356
96,Frank,Welch,fwelch2n@sciencedirect.com,6650,Naples,FL,1-(941)703-5530,34108
97,Alan,Mason,amason2o@hatena.ne.jp,86330,Gatesville,TX,1-(254)966-6642,76598
98,Todd,Owens,towens2p@marriott.com,52952,Brooklyn,NY,1-(718)864-1891,11220
99,Deborah,Fuller,dfuller2q@newyorker.com,2,Atlanta,GA,1-(770)332-9928,30328
100,Frances,Carroll,fcarroll2r@sciencedaily.com,6506,Seattle,WA,1-(425)282-0521,98158
